{
    "rmse": 0.7123158963143844,
    "mae": 0.5478558050258495,
    "r2": 0.19461279977434143
}